Participant_ID,Age,Gender,Sport_Event,Experience_Years,Performance_Score,Energy_Level,Satisfaction_Rating,Day,Feedback
1,24,F,Athletics,12,84.96,4,3,2,Could have been improved
2,37,M,Volleyball,14,81.59,6,5,2,Could have been improved
3,32,F,Martial Arts,7,77.55,9,3,1,Could have been improved
4,28,F,Martial Arts,10,83.1,2,3,5,Could have been improved
5,25,M,Volleyball,3,74.21,1,1,4,Could have been improved
6,38,F,Boxing,1,75.66,10,1,2,Could have been improved
7,24,M,Athletics,5,81.27,2,1,1,Could have been improved
8,43,F,Basketball,13,62.66,7,2,3,Could have been improved
9,36,F,Volleyball,4,69.16,3,4,4,Could have been improved
10,40,F,Boxing,10,81.71,10,2,2,Could have been improved0
11,28,M,Martial Arts,8,77.26,2,4,5,Participant feedback 11
12,28,M,Martial Arts,1,73.31,7,4,1,Participant feedback 12
13,41,F,Soccer,10,89.22,2,3,2,Participant feedback 13
14,38,M,Volleyball,1,87.75,3,3,5,Participant feedback 14
15,21,M,Athletics,12,66.67,7,4,2,Participant feedback 15
16,25,M,Swimming,4,95.15,4,4,4,Participant feedback 16
17,41,M,Athletics,8,79.82,1,2,4,Participant feedback 17
18,20,M,Martial Arts,5,89.66,5,2,4,Participant feedback 18
19,39,M,Martial Arts,2,82.93,9,3,1,Participant feedback 19
20,38,F,Tennis,6,99.91,8,1,4,Participant feedback 20
21,19,F,Martial Arts,5,90.1,9,4,5,Participant feedback 21
22,41,M,Basketball,2,88.28,10,2,2,Participant feedback 22
23,29,F,Cycling,13,91.14,9,3,3,Participant feedback 23
24,23,F,Volleyball,14,65.73,7,2,5,Participant feedback 24
25,19,F,Athletics,11,68.18,4,4,5,Participant feedback 25
26,38,F,Cycling,11,88.56,5,4,4,Participant feedback 26
27,18,M,Boxing,11,79.76,1,5,1,Participant feedback 27
28,29,F,Swimming,3,90.19,1,1,2,Participant feedback 28
29,43,F,Basketball,9,64.12,3,5,1,Participant feedback 29
30,39,M,Athletics,7,81.46,8,3,2,Participant feedback 30
31,29,M,Cycling,7,75.15,2,2,2,Participant feedback 31
32,42,F,Swimming,11,78.28,4,3,1,Participant feedback 32
33,34,F,Tennis,6,84.16,2,4,5,Participant feedback 33
34,44,F,Basketball,8,80.09,5,5,2,Participant feedback 34
35,44,F,Basketball,4,81.59,9,5,1,Participant feedback 35
36,27,F,Tennis,8,79.45,1,5,2,Participant feedback 36
37,33,F,Volleyball,4,76.36,5,3,3,Participant feedback 37
38,32,M,Tennis,8,90.88,9,4,5,Participant feedback 38
39,32,F,Basketball,9,60.49,1,2,4,Participant feedback 39
40,36,F,Basketball,3,83.94,9,2,2,Participant feedback 40
41,29,M,Cycling,3,82.62,8,3,3,Participant feedback 41
42,40,M,Martial Arts,11,88.65,4,5,4,Participant feedback 42
43,37,M,Swimming,13,83.96,10,1,4,Participant feedback 43
44,42,M,Tennis,2,93.07,5,3,2,Participant feedback 44
45,20,F,Swimming,13,98.36,5,3,1,Participant feedback 45
46,22,F,Tennis,10,73.7,6,4,2,Participant feedback 46
47,36,F,Boxing,3,69.09,7,2,3,Participant feedback 47
48,24,F,Basketball,3,76.94,8,3,4,Participant feedback 48
49,38,F,Martial Arts,5,71.52,8,3,2,Participant feedback 49
50,26,F,Cycling,5,84.6,2,5,1,Participant feedback 50
51,24,M,Martial Arts,2,96.47,9,5,2,Participant feedback 51
52,35,F,Martial Arts,12,65.56,7,1,5,Participant feedback 52
53,21,M,Martial Arts,10,64.03,4,4,1,Participant feedback 53
54,42,M,Swimming,13,70.24,4,1,3,Participant feedback 54
55,31,F,Tennis,6,89.04,8,5,4,Participant feedback 55
56,35,M,Gymnastics,5,83.72,4,2,2,Participant feedback 56
57,43,F,Boxing,6,64.09,6,5,1,Participant feedback 57
58,26,M,Athletics,1,96.75,5,4,5,Participant feedback 58
59,43,F,Martial Arts,5,91.6,3,5,1,Participant feedback 59
60,38,M,Volleyball,9,60.92,10,4,5,Participant feedback 60
61,19,F,Swimming,12,86.05,2,4,3,Participant feedback 61
62,37,F,Cycling,10,90.85,9,4,4,Participant feedback 62
63,32,F,Athletics,14,74.98,10,4,3,Participant feedback 63
64,24,F,Gymnastics,2,62.76,9,4,2,Participant feedback 64
65,29,F,Volleyball,1,63.09,1,2,1,Participant feedback 65
66,25,M,Gymnastics,14,64.17,10,1,5,Participant feedback 66
67,32,M,Athletics,10,93.62,3,3,5,Participant feedback 67
68,20,M,Martial Arts,13,96.43,8,1,1,Participant feedback 68
69,31,F,Volleyball,11,64.91,6,4,1,Participant feedback 69
70,34,M,Gymnastics,9,69.44,5,2,2,Participant feedback 70
71,21,F,Cycling,10,66.62,5,5,3,Participant feedback 71
72,35,F,Tennis,9,67.45,6,2,5,Participant feedback 72
73,25,M,Basketball,9,93.5,7,4,2,Participant feedback 73
74,21,M,Tennis,6,73.29,1,2,3,Participant feedback 74
75,19,F,Athletics,8,72.46,9,2,2,Participant feedback 75
76,23,M,Swimming,14,69.1,3,4,5,Participant feedback 76
77,39,F,Basketball,11,84.32,4,2,1,Participant feedback 77
78,27,F,Boxing,13,75.17,10,3,1,Participant feedback 78
79,21,F,Cycling,1,89.77,1,3,3,Participant feedback 79
80,39,F,Boxing,10,68.22,10,2,4,Participant feedback 80
81,35,F,Volleyball,4,91.51,3,5,3,Participant feedback 81
82,43,M,Basketball,1,84.15,2,4,4,Participant feedback 82
83,29,M,Boxing,8,64.57,2,3,2,Participant feedback 83
84,19,F,Boxing,1,76.58,1,5,2,Participant feedback 84
85,27,F,Gymnastics,3,94.54,8,2,5,Participant feedback 85
86,21,M,Tennis,13,96.92,3,5,4,Participant feedback 86
87,31,M,Gymnastics,4,78.63,3,1,5,Participant feedback 87
88,33,F,Basketball,8,79.23,6,3,1,Participant feedback 88
89,32,M,Basketball,6,96.74,8,2,4,Participant feedback 89
90,25,F,Athletics,14,83.48,9,4,3,Participant feedback 90
91,31,M,Gymnastics,10,61.31,9,2,1,Participant feedback 91
92,40,F,Soccer,12,96.51,4,4,1,Participant feedback 92
93,42,M,Tennis,7,69.93,5,2,3,Participant feedback 93
94,25,F,Basketball,14,83.11,2,5,1,Participant feedback 94
95,38,M,Athletics,8,66.62,9,5,4,Participant feedback 95
96,33,M,Gymnastics,2,61.36,8,5,5,Participant feedback 96
97,30,F,Tennis,13,72.46,3,1,1,Participant feedback 97
98,35,M,Gymnastics,10,91.22,9,4,4,Participant feedback 98
99,32,F,Boxing,14,71.1,3,5,2,Participant feedback 99
100,38,M,Athletics,11,68.8,9,1,4,Participant feedback 100
101,41,F,Tennis,8,68.51,2,4,5,Participant feedback 101
102,43,M,Martial Arts,3,80.61,10,2,4,Participant feedback 102
103,42,F,Volleyball,7,99.02,9,1,3,Participant feedback 103
104,30,M,Volleyball,3,78.36,8,3,5,Participant feedback 104
105,26,F,Tennis,7,82.29,9,1,2,Participant feedback 105
106,32,M,Gymnastics,14,94.43,5,1,3,Participant feedback 106
107,30,F,Athletics,11,81.4,2,4,4,Participant feedback 107
108,18,F,Volleyball,12,67.38,8,2,5,Participant feedback 108
109,42,F,Athletics,13,71.98,6,3,2,Participant feedback 109
110,24,M,Volleyball,2,72.4,8,5,3,Participant feedback 110
111,26,F,Boxing,10,75.89,5,5,2,Participant feedback 111
112,41,M,Gymnastics,6,77.07,10,1,4,Participant feedback 112
113,18,F,Boxing,3,91.99,2,4,2,Participant feedback 113
114,29,M,Volleyball,3,73.98,6,4,1,Participant feedback 114
115,25,F,Martial Arts,9,78.73,5,5,3,Participant feedback 115
116,41,M,Martial Arts,7,85.0,5,3,2,Participant feedback 116
117,28,M,Boxing,5,75.11,1,2,4,Participant feedback 117
118,36,F,Martial Arts,12,93.46,2,3,4,Participant feedback 118
119,34,M,Volleyball,10,83.5,8,2,2,Participant feedback 119
120,25,M,Tennis,7,71.76,3,5,4,Participant feedback 120
121,20,F,Boxing,9,88.56,10,2,5,Participant feedback 121
122,20,M,Swimming,1,81.11,3,4,5,Participant feedback 122
123,18,M,Gymnastics,7,81.38,8,1,5,Participant feedback 123
124,44,M,Martial Arts,6,79.24,8,1,1,Participant feedback 124
125,22,F,Martial Arts,10,79.88,2,5,2,Participant feedback 125
126,27,M,Basketball,14,90.61,8,4,1,Participant feedback 126
127,24,F,Soccer,12,64.12,1,3,4,Participant feedback 127
128,43,M,Boxing,9,73.37,6,4,1,Participant feedback 128
129,26,M,Cycling,1,63.02,8,1,4,Participant feedback 129
130,24,M,Martial Arts,13,90.13,3,1,4,Participant feedback 130
131,26,F,Gymnastics,4,70.89,8,4,3,Participant feedback 131
132,25,M,Swimming,9,95.9,1,4,5,Participant feedback 132
133,29,M,Martial Arts,4,81.06,9,1,4,Participant feedback 133
134,19,F,Swimming,10,92.03,9,3,3,Participant feedback 134
135,18,M,Volleyball,3,99.16,5,5,5,Participant feedback 135
136,33,F,Volleyball,9,93.59,10,5,4,Participant feedback 136
137,40,F,Soccer,13,94.68,4,4,4,Participant feedback 137
138,40,M,Tennis,2,76.32,6,5,1,Participant feedback 138
139,41,F,Cycling,4,82.07,7,1,1,Participant feedback 139
140,22,M,Basketball,6,70.16,5,1,5,Participant feedback 140
141,20,F,Soccer,2,67.84,10,4,4,Participant feedback 141
142,29,F,Athletics,8,80.22,9,4,2,Participant feedback 142
143,25,M,Basketball,8,83.8,3,4,1,Participant feedback 143
144,39,F,Boxing,1,73.57,7,3,5,Participant feedback 144
145,44,F,Gymnastics,12,82.78,10,5,4,Participant feedback 145
146,20,F,Athletics,3,95.5,10,4,4,Participant feedback 146
147,18,F,Athletics,10,82.27,5,2,2,Participant feedback 147
148,20,F,Soccer,9,88.83,7,2,5,Participant feedback 148
149,22,M,Tennis,5,92.21,2,1,4,Participant feedback 149
150,32,F,Soccer,6,99.55,4,5,1,Participant feedback 150
151,31,M,Boxing,4,84.13,2,4,2,Participant feedback 151
152,20,F,Martial Arts,10,92.27,7,2,5,Participant feedback 152
153,18,M,Martial Arts,2,98.51,2,5,2,Participant feedback 153
154,22,M,Tennis,11,97.78,1,1,1,Participant feedback 154
155,43,F,Boxing,8,65.64,9,3,5,Participant feedback 155
156,40,F,Tennis,11,76.26,1,5,2,Participant feedback 156
157,31,F,Swimming,13,72.96,8,5,3,Participant feedback 157
158,24,M,Martial Arts,6,63.48,2,3,1,Participant feedback 158
159,44,F,Athletics,5,85.33,8,5,1,Participant feedback 159
160,26,M,Cycling,9,89.44,3,1,1,Participant feedback 160
161,32,M,Gymnastics,1,93.93,6,1,3,Participant feedback 161
162,32,M,Boxing,5,64.91,3,3,3,Participant feedback 162
163,43,F,Basketball,6,95.06,7,4,4,Participant feedback 163
164,27,F,Tennis,5,85.72,10,2,2,Participant feedback 164
165,30,M,Gymnastics,6,88.16,9,4,4,Participant feedback 165
166,36,M,Basketball,6,96.42,2,5,2,Participant feedback 166
167,24,F,Gymnastics,7,84.99,5,2,3,Participant feedback 167
168,34,M,Cycling,4,73.43,6,3,3,Participant feedback 168
169,37,F,Basketball,14,93.0,4,3,4,Participant feedback 169
170,21,M,Soccer,11,74.52,4,2,5,Participant feedback 170
171,22,F,Volleyball,14,61.37,4,1,4,Participant feedback 171
172,40,M,Soccer,14,93.23,2,2,2,Participant feedback 172
173,24,F,Martial Arts,14,73.81,4,5,4,Participant feedback 173
174,30,M,Volleyball,8,90.95,1,1,1,Participant feedback 174
175,32,F,Soccer,7,74.51,6,3,2,Participant feedback 175
176,28,F,Volleyball,9,94.44,1,2,2,Participant feedback 176
177,21,M,Volleyball,7,68.78,10,4,5,Participant feedback 177
178,30,M,Athletics,3,98.98,6,4,3,Participant feedback 178
179,24,F,Tennis,3,91.19,1,5,2,Participant feedback 179
180,44,M,Tennis,8,64.57,6,4,3,Participant feedback 180
181,36,F,Athletics,5,82.63,10,2,4,Participant feedback 181
182,39,M,Gymnastics,4,99.41,8,2,1,Participant feedback 182
183,19,F,Swimming,8,78.84,2,4,5,Participant feedback 183
184,27,F,Gymnastics,6,67.28,2,2,3,Participant feedback 184
185,30,F,Basketball,2,79.39,4,5,2,Participant feedback 185
186,42,F,Basketball,4,80.5,3,1,3,Participant feedback 186
187,38,F,Volleyball,12,89.67,4,5,2,Participant feedback 187
188,23,F,Soccer,11,87.95,7,5,3,Participant feedback 188
189,29,M,Soccer,4,76.1,1,2,2,Participant feedback 189
190,29,M,Tennis,6,68.72,6,1,4,Participant feedback 190
191,37,M,Boxing,6,85.8,3,2,2,Participant feedback 191
192,28,F,Gymnastics,1,76.87,10,3,2,Participant feedback 192
193,43,F,Martial Arts,14,65.29,7,2,1,Participant feedback 193
194,40,F,Cycling,8,96.02,10,2,2,Participant feedback 194
195,42,F,Soccer,6,87.65,2,2,1,Participant feedback 195
196,24,M,Cycling,3,87.33,2,1,5,Participant feedback 196
197,18,M,Volleyball,14,92.9,4,2,1,Participant feedback 197
198,18,F,Cycling,9,81.19,1,1,4,Participant feedback 198
199,42,M,Martial Arts,2,92.6,3,4,1,Participant feedback 199
200,44,M,Athletics,11,79.92,9,3,5,Participant feedback 200
201,42,F,Martial Arts,8,62.69,7,1,4,Participant feedback 201
202,37,M,Cycling,10,76.21,7,4,3,Participant feedback 202
203,30,F,Martial Arts,3,79.9,4,1,3,Participant feedback 203
204,26,M,Swimming,13,88.81,2,1,1,Participant feedback 204
205,20,F,Volleyball,12,64.26,4,3,1,Participant feedback 205
206,24,F,Gymnastics,5,65.6,6,5,5,Participant feedback 206
207,23,F,Athletics,6,70.55,3,5,5,Participant feedback 207
208,25,F,Soccer,10,70.66,1,1,2,Participant feedback 208
209,44,M,Basketball,6,89.29,8,2,5,Participant feedback 209
210,26,F,Gymnastics,4,70.03,5,4,2,Participant feedback 210
211,22,F,Basketball,3,85.32,5,2,4,Participant feedback 211
212,18,F,Volleyball,4,79.77,4,2,1,Participant feedback 212
213,36,M,Athletics,1,82.93,6,1,4,Participant feedback 213
214,27,F,Tennis,4,93.52,3,1,5,Participant feedback 214
215,29,M,Soccer,1,76.18,9,1,4,Participant feedback 215
216,41,F,Swimming,12,90.84,5,1,4,Participant feedback 216
217,32,M,Tennis,1,76.88,3,5,4,Participant feedback 217
218,44,M,Volleyball,10,74.15,1,1,5,Participant feedback 218
219,39,F,Gymnastics,14,98.35,10,5,4,Participant feedback 219
220,41,M,Swimming,6,67.37,6,5,2,Participant feedback 220
221,26,F,Martial Arts,5,63.61,2,1,5,Participant feedback 221
222,37,F,Cycling,14,90.84,3,3,4,Participant feedback 222
223,34,F,Swimming,11,62.73,1,4,5,Participant feedback 223
224,34,M,Volleyball,4,93.48,9,2,3,Participant feedback 224
225,43,M,Boxing,13,77.49,8,5,2,Participant feedback 225
226,37,F,Cycling,11,96.62,2,4,4,Participant feedback 226
227,29,F,Basketball,3,88.86,8,3,3,Participant feedback 227
228,24,M,Soccer,1,84.42,9,2,3,Participant feedback 228
229,19,F,Basketball,6,97.97,1,2,5,Participant feedback 229
230,20,F,Swimming,2,75.87,5,5,3,Participant feedback 230
231,34,F,Basketball,8,98.16,8,1,2,Participant feedback 231
232,22,M,Volleyball,10,65.4,2,3,2,Participant feedback 232
233,34,M,Martial Arts,5,79.35,4,5,1,Participant feedback 233
234,41,M,Gymnastics,7,70.8,7,3,2,Participant feedback 234
235,34,F,Soccer,10,81.59,3,1,3,Participant feedback 235
236,44,F,Basketball,12,66.48,5,1,2,Participant feedback 236
237,34,F,Basketball,2,93.66,8,5,5,Participant feedback 237
238,19,M,Swimming,13,93.86,10,1,1,Participant feedback 238
239,19,F,Gymnastics,8,98.21,3,4,3,Participant feedback 239
240,39,F,Tennis,2,66.19,4,2,1,Participant feedback 240
241,40,F,Basketball,4,84.93,9,5,3,Participant feedback 241
242,22,F,Volleyball,1,78.97,7,3,5,Participant feedback 242
243,18,M,Boxing,5,73.78,1,4,1,Participant feedback 243
244,18,M,Soccer,9,74.06,4,5,4,Participant feedback 244
245,36,F,Basketball,1,76.51,4,1,3,Participant feedback 245
246,19,M,Volleyball,9,88.2,9,1,4,Participant feedback 246
247,38,M,Volleyball,11,83.93,6,1,1,Participant feedback 247
248,29,F,Soccer,8,78.39,9,1,4,Participant feedback 248
249,43,F,Tennis,6,63.04,6,3,4,Participant feedback 249
250,23,M,Volleyball,7,63.11,6,4,1,Participant feedback 250
251,40,F,Boxing,3,60.09,5,2,5,Participant feedback 251
252,21,M,Volleyball,14,98.71,5,3,4,Participant feedback 252
253,40,F,Volleyball,1,60.21,2,3,4,Participant feedback 253
254,28,M,Volleyball,5,64.12,8,2,5,Participant feedback 254
255,41,F,Martial Arts,14,72.58,8,2,4,Participant feedback 255
256,44,M,Martial Arts,12,92.3,1,1,4,Participant feedback 256
257,34,M,Tennis,12,98.48,8,3,4,Participant feedback 257
258,23,M,Basketball,2,91.6,5,5,2,Participant feedback 258
259,41,F,Volleyball,14,87.62,2,2,5,Participant feedback 259
260,22,M,Gymnastics,5,80.85,2,2,4,Participant feedback 260
261,37,M,Basketball,8,63.47,6,4,5,Participant feedback 261
262,19,F,Tennis,11,98.33,9,5,3,Participant feedback 262
263,23,F,Athletics,9,90.34,1,5,3,Participant feedback 263
264,39,M,Basketball,2,85.56,6,2,4,Participant feedback 264
265,28,M,Basketball,12,90.36,9,1,5,Participant feedback 265
266,33,F,Cycling,3,88.96,8,4,5,Participant feedback 266
267,33,F,Swimming,3,85.49,6,5,5,Participant feedback 267
268,18,F,Cycling,1,99.22,3,2,2,Participant feedback 268
269,26,F,Boxing,8,96.13,8,5,3,Participant feedback 269
270,44,F,Martial Arts,6,85.87,9,4,5,Participant feedback 270
271,23,M,Martial Arts,12,87.73,1,4,5,Participant feedback 271
272,33,F,Swimming,13,62.06,9,3,2,Participant feedback 272
273,20,M,Soccer,8,86.8,6,2,2,Participant feedback 273
274,37,M,Soccer,11,61.77,6,4,5,Participant feedback 274
275,44,M,Tennis,9,83.53,4,3,1,Participant feedback 275
276,21,F,Swimming,5,99.97,1,3,5,Participant feedback 276
277,36,M,Basketball,14,82.23,10,5,5,Participant feedback 277
278,43,M,Soccer,12,78.93,8,5,2,Participant feedback 278
279,20,F,Volleyball,14,72.51,2,3,2,Participant feedback 279
280,36,M,Gymnastics,3,64.82,1,5,5,Participant feedback 280
281,37,M,Basketball,5,89.24,2,4,5,Participant feedback 281
282,24,F,Boxing,5,67.7,1,1,5,Participant feedback 282
283,37,M,Volleyball,5,64.61,1,4,2,Participant feedback 283
284,26,M,Volleyball,3,76.87,9,3,5,Participant feedback 284
285,18,M,Swimming,11,91.81,1,3,5,Participant feedback 285
286,25,F,Tennis,14,89.8,4,4,4,Participant feedback 286
287,24,F,Boxing,10,62.2,10,5,1,Participant feedback 287
288,35,F,Soccer,14,78.21,6,5,3,Participant feedback 288
289,25,M,Swimming,4,80.9,7,3,1,Participant feedback 289
290,18,M,Soccer,9,85.78,2,2,4,Participant feedback 290
291,28,F,Swimming,13,86.01,6,5,3,Participant feedback 291
292,42,M,Swimming,10,74.59,7,4,5,Participant feedback 292
293,42,M,Swimming,9,82.43,10,5,4,Participant feedback 293
294,35,F,Tennis,2,79.24,10,4,5,Participant feedback 294
295,40,F,Swimming,8,95.4,2,3,2,Participant feedback 295
296,27,M,Athletics,8,81.21,2,5,4,Participant feedback 296
297,20,M,Gymnastics,7,77.64,10,4,2,Participant feedback 297
298,24,M,Soccer,8,76.18,7,3,4,Participant feedback 298
299,33,F,Basketball,14,82.9,1,2,4,Participant feedback 299
300,43,F,Cycling,3,92.16,8,4,2,Participant feedback 300
